﻿<?xml version="1.0" encoding="utf-8"?>
<extension version="3.0" type="plugin" group="content" method="upgrade">
	<name>Content - Google+ Page Badge</name>
    <author>E-max</author>
    <creationDate>Aug 2013</creationDate>
    <copyright>Copyright (C) 2008 - 2013 e-max.it. All rights reserved.</copyright>
    <license>http://www.gnu.org/copyleft/gpl.html GNU/GPL</license>
    <authorEmail>webmaster@e-max.it</authorEmail>
    <authorUrl>http://www.e-max.it</authorUrl>
    <version>1.1.2</version>
    <description>PLG_CONTENT_GOOGLEPAGEBADGE_DESCRIPTION</description>
    	<files>
		<filename plugin="googlepagebadge">googlepagebadge.php</filename>
		<folder>assets</folder>
		<filename>index.html</filename>
	</files>
	<languages>
		<language tag="en-GB">language/en-GB/en-GB.plg_content_googlepagebadge.ini</language>
		<language tag="en-GB">language/en-GB/en-GB.plg_content_googlepagebadge.sys.ini</language>
		<language tag="it-IT">language/it-IT/it-IT.plg_content_googlepagebadge.ini</language>
		<language tag="it-IT">language/it-IT/it-IT.plg_content_googlepagebadge.sys.ini</language>
	</languages>
    <config>
		<fields name="params">
			<fieldset name="basic">
				<field name="spacer1" type="spacer" class="text" label="PLG_CONTENT_GOOGLEPAGEBADGE_STANDARD_SETTING" />
				<field name="GooglePageBadgeId" type="text" default="111345732515240804179" label="PLG_CONTENT_GOOGLEPAGEBADGE_ID" description="PLG_CONTENT_GOOGLEPAGEBADGE_ID_DESC" />
				<field name="GooglePageBadgeType" type="list" default="badge" label="PLG_CONTENT_GOOGLEPAGEBADGE_STYLE" description="PLG_CONTENT_GOOGLEPAGEBADGE_STYLE_DESC" >
				   <option value="badge">PLG_CONTENT_GOOGLEPAGEBADGE_BADGE</option>
				   <option value="smallbadge">PLG_CONTENT_GOOGLEPAGEBADGE_SMALL_BADGE</option>
				   <option value="smallicon">PLG_CONTENT_GOOGLEPAGEBADGE_SMALL_ICON</option>
				   <option value="mediumicon">PLG_CONTENT_GOOGLEPAGEBADGE_MEDIUM_ICON</option>
				   <option value="largeicon">PLG_CONTENT_GOOGLEPAGEBADGE_LARGE_ICON</option>
				</field>
				<field name="spacer2" type="spacer" class="text" label="PLG_CONTENT_GOOGLEPAGEBADGE_ICON_SETTING" />
				<field name="GooglePageBadgeName" type="text" default="" label="PLG_CONTENT_GOOGLEPAGEBADGE_NAME" description="PLG_CONTENT_GOOGLEPAGEBADGE_NAME_DESC" />
				<field name="spacer3" type="spacer" class="text" label="PLG_CONTENT_GOOGLEPAGEBADGE_BADGE_SETTING" />
				<field name="GooglePageBadgeLang" type="list" default="en" label="PLG_CONTENT_GOOGLEPAGEBADGE_LANGUAGE" description="PLG_CONTENT_GOOGLEPAGEBADGE_LANGUAGE_DESC" >
				   <option value="ar" >Arabic - (العربيّة)</option>
				   <option value="bg" >Bulgarian - (български)</option>
				   <option value="ca" >Catalan - (català)</option>
				   <option value="zh-cn" >Simplified Chinese - (简体中文)</option>
				   <option value="zh-tw" >Traditional Chinese - (繁體中文)</option>
				   <option value="hr" >Croatian - (Hrvatski)</option>
				   <option value="cs" >Czech - (česky)</option>
				   <option value="da" >Danish - (Dansk)</option>
				   <option value="nl" >Dutch - (Nederlands)</option>
				   <option value="en" >English - (English)</option>
				   <option value="fa" >Persian - (فارسی)</option>
				   <option value="fi" >Finnish - (suomi)</option>
				   <option value="fr" >French - (Français)</option>
				   <option value="de" >German - (Deutsch)</option>
				   <option value="el" >Greek - (Ελληνικά)</option>
				   <option value="he" >Hebrew - (עברית)</option>
				   <option value="hi" >Hindi - (Hindi)</option>
				   <option value="hu" >Hungarian - (Magyar)</option>
				   <option value="id" >Indonesian - (Bahasa Indonesia)</option>
				   <option value="it" >Italian - (italiano)</option>
				   <option value="ja" >Japanese - (日本語)</option>
				   <option value="ko" >Korean - (한국어)</option>
				   <option value="lv" >Latvian - (latviešu)</option>
				   <option value="lt" >Lithuanian - (Lithuanian)</option>
				   <option value="nb" >Norwegian Bokmal - (Norsk (bokmål))</option>
				   <option value="nn" >Norwegian Nynorsk - (Norsk (nynorsk))</option>
				   <option value="pl" >Polish - (polski)</option>
				   <option value="pt-br" >Brazilian Portuguese - (Português Brasileiro)</option>
				   <option value="pt" >Portuguese - (Português)</option>
				   <option value="ro" >Romanian - (Română)</option>
				   <option value="ru" >Russian - (Русский)</option>
				   <option value="sr" >Serbian - (српски)</option>
				   <option value="sk" >Slovak - (slovenský)</option>
				   <option value="sl" >Slovenian - (Slovenščina)</option>
				   <option value="es" >Spanish - (español)</option>
				   <option value="sv" >Swedish - (Svenska)</option>
				   <option value="th" >Thai - (Thai)</option>
				   <option value="tr" >Turkish - (Türkçe)</option>
				   <option value="uk" >Ukrainian - (Українська)</option>            
				   <option value="vi" >Vietnamese - (Vietnamese)</option>
				</field>
				<field name="GooglePageBadgeWidth" type="text" default="300" label="PLG_CONTENT_GOOGLEPAGEBADGE_WIDTH" description="PLG_CONTENT_GOOGLEPAGEBADGE_WIDTH_DESC" />
				<field name="GooglePageBadgeTheme" type="radio" default="light" label="PLG_CONTENT_GOOGLEPAGEBADGE_THEME" description="PLG_CONTENT_GOOGLEPAGEBADGE_THEME_DESC">
					<option value="light">PLG_CONTENT_GOOGLEPAGEBADGE_LIGHT</option>
					<option value="dark">PLG_CONTENT_GOOGLEPAGEBADGE_DARK</option>
				</field>
				<field name="GooglePageBadgeAsync" type="radio" default="1" label="PLG_CONTENT_GOOGLEPAGEBADGE_ASYNC" description="PLG_CONTENT_GOOGLEPAGEBADGE_ASYNC_DESC">
					<option value="0">PLG_CONTENT_GOOGLEPAGEBADGE_NO</option>
					<option value="1">PLG_CONTENT_GOOGLEPAGEBADGE_YES</option>
				</field>
				<field name="GooglePageBadgeHtml5" type="radio" default="0" label="PLG_CONTENT_GOOGLEPAGEBADGE_HTML5" description="PLG_CONTENT_GOOGLEPAGEBADGE_HTML5_DESC">
					<option value="0">PLG_CONTENT_GOOGLEPAGEBADGE_NO</option>
					<option value="1">PLG_CONTENT_GOOGLEPAGEBADGE_YES</option>
				</field>
				<field name="GooglePageBadgeParse" type="list" default="onload" label="PLG_CONTENT_GOOGLEPAGEBADGE_PARSE" description="PLG_CONTENT_GOOGLEPAGEBADGE_PARSE_DESC" >
				   <option value="onload">PLG_CONTENT_GOOGLEPAGEBADGE_DEFAULT</option>
				   <option value="explicit">PLG_CONTENT_GOOGLEPAGEBADGE_EXPLICIT</option>
				</field>
				<field name="GooglePageBadgecredits" type="radio" default="0" label="PLG_CONTENT_GOOGLEPAGEBADGE_CREDITS" description="PLG_CONTENT_GOOGLEPAGEBADGE_CREDITS_DESC">
					<option value="0">PLG_CONTENT_GOOGLEPAGEBADGE_CREDITS_HIDE</option>
					<option value="1">PLG_CONTENT_GOOGLEPAGEBADGE_CREDITS_SHOW</option>
				</field>
			</fieldset>       
        </fields>
	</config>
	<updateservers>
 	   <server type="collection">http://updates.e-max.it/joomla/updates.xml</server>
	</updateservers>
</extension>
