<?xml version="1.0" encoding="utf-8"?>
<extension version="3.0" type="plugin" group="content" method="upgrade">
	<name>Content - Exchange Rate Calculator</name>
    <author>E-max</author>
    <creationDate>Novembre 2013</creationDate>
    <copyright>Copyright (C) 2013 e-max.it. All rights reserved.</copyright>
    <license>http://www.gnu.org/licenses/gpl.html GPLv3</license>
    <authorEmail>webmaster@e-max.it</authorEmail>
    <authorUrl>http://www.e-max.it</authorUrl>
    <version>1.0.2</version>
	<description>PLG_CONTENT_EXCHANGERATECALCULATOR_DESCRIPTION</description>
	<files>
		<filename plugin="exchangeratecalculator">exchangeratecalculator.php</filename>
		<filename>index.html</filename>
		<folder>assets</folder>
	</files>
	<languages>
		<language tag="en-GB">language/en-GB/en-GB.plg_content_exchangeratecalculator.ini</language>
		<language tag="en-GB">language/en-GB/en-GB.plg_content_exchangeratecalculator.sys.ini</language>
		<language tag="it-IT">language/it-IT/it-IT.plg_content_exchangeratecalculator.ini</language>
		<language tag="it-IT">language/it-IT/it-IT.plg_content_exchangeratecalculator.sys.ini</language>
	</languages>
	<config>
		<fields name="params">
			<fieldset name="basic">
				<field name="exchangeratecalculatorcredits" type="radio" default="0" label="PLG_CONTENT_EXCHANGERATECALCULATOR_CREDITS" description="PLG_CONTENT_EXCHANGERATECALCULATOR_CREDITS_DESC">
					<option value="0">PLG_CONTENT_EXCHANGERATECALCULATOR_CREDITS_HIDE</option>
					<option value="1">PLG_CONTENT_EXCHANGERATECALCULATOR_CREDITS_SHOW</option>
				</field>
			</fieldset>
		</fields>
	</config>
	<updateservers>
 	   <server type="collection">http://updates.e-max.it/joomla/updates.xml</server>
	</updateservers>
</extension>
